stem	average relative frequency	motion verb?
go	0.076722400677467	1
do	0.079614707347141	
see	0.057664489349589	
have	0.04460926014444	
want	0.059329230842498	
know	0.029201365458583	
get	0.050239126136956	1
put	0.06577665071947	1
make	0.025016608934359	
say	0.034778763682296	
think	0.027141795622337	
take	0.019497466846708	1
want to	0.038262546246303	
let us	0.027111886291418	
come	0.04584748509219	1
turn	0.012494365936188	1
like	0.018895819392099	
find	0.012342192560886	1
eat	0.018012212883552	
fall	0.00904360949678	1
play	0.01759564659979	
sit	0.018257050905406	1
happen	0.011151123342023	
read	0.015535070737718	
give	0.013971613157249	1
need	0.009227037875159	
tell	0.018492274942209	
wait	0.00750084920387	
work	0.003472396510341	
show	0.007197556431396	
hold	0.008474471734439	1
mean	0.004018192438364	
bring	0.007465024306805	1
try	0.012706133709915	
throw	0.011292856855667	1
hit	0.003048052652932	1
hear	0.007431692392463	
let	0.01336307477205	
use	0.007006608888997	
hurt	0.005655586768043	
open	0.008782042376315	1
call	0.007435871860338	
keep	0.007242403658554	
fit	0.006937434814248	1
catch	0.006256124773249	1
push	0.010960041610772	1
leave	0.006542671479939	
remember	0.008667337454855	
help	0.007474535929297	
live	0.003643358724725	
start	0.004661368454072	
wear	0.00459761089847	
talk	0.005416477819974	
pick	0.006997360373892	
cut	0.002713388147027	1
draw	0.016415872436872	1
finish	0.004752603987398	
run	0.004695010014374	
stand	0.004995407901406	1
drink	0.004785766735445	
ask	0.003751023678747	
fix	0.005189224122519	
move	0.003970154839392	1
wake	0.004679244250723	
break	0.004648126862546	1
feel	0.005818086379766	
pull	0.010676108601078	1
roll	0.004591971799343	1
walk	0.002738921244313	1
punch	0.000343388123987	1
stick	0.006996319032801	
watch	0.005195015987115	
clean	0.002759667396227	
place	0.000592843435913	1
wash	0.002955491969565	
drop	0.003316447495461	1
stop	0.005188847854069	
carry	0.001805796185165	1
listen	0.003689584741644	
buy	0.005225783227742	
hang	0.004264984463647	1
hate	0.000620476514333	
press	0.001526969296602	1
sleep	0.004445473104168	
bite	0.00618712605171	
blow	0.00284464690534	
cover	0.003310672302248	1
miss	0.003792817301789	
guess	0.003335373886194	
sing	0.007341838874853	
close	0.005425750391824	
drive	0.00360009260101	
lift	0.001767826636102	1
matter	0.00407655099373	
pant	0.001625477966765	
touch	0.007902516346787	
wind	0.003045821294367	
write	0.010035521845523	
bicycle	0.000518588775007	
build	0.013399362182292	
climb	0.003442042370717	
color	0.005938180101693	
cry	0.005390068105285	
dog	0.003298829450488	
dry	0.002473038553526	
forget	0.00288387509626	
grow	0.001151964499881	
laugh	0.000657662439825	
love	0.004226571857827	
reach	0.001916459058921	1
shut	0.006135515812126	1
bet	0.002854989622857	
even	0.000926674748904	
fly	0.003198646611454	
pour	0.002777065228877	1
ride	0.004477352232048	
save	0.000942176357406	
smash	0.000499031560759	1
wonder	0.002076356927909	
dig	0.000948370994301	1
jump	0.002539952199702	1
suppose	0.002977616084536	
tie	0.0015363985168	1
attach	0.000491081281011	1
count	0.003352048783769	
knock	0.004448622843718	1
learn	0.001364703954705	
cause	0.002121232840531	
cook	0.002202928119487	
mow	0.00105008973155	
share	0.001413910311188	
change	0.002212141455287	
decide	0.002209591923577	
fold	0.001219587616615	1
grind	0.000214553740891	1
peter	0.003649808406433	
set	0.002790619187215	1
stretch	0.000396422903253	1
time	0.001545160543538	
brush	0.00287661296606	1
bump	0.001042371557616	1
button	0.002395524618764	
hide	0.002697643196679	
invite	0.000302890883387	
kiss	0.002234889278489	
paint	0.000882174674433	1
step	0.00117508864748	
taste	0.002577020989733	
yell	0.000409532724157	
bake	0.000788463947461	
ding	0.000673531115815	
dump	0.003761857253241	1
hop	0.000833060687369	1
rip	0.001119944704187	1
scratch	0.000751032370915	1
serve	0.000397272337256	
stir	0.001941776320065	1
wish	0.000858906526721	
answer	0.000462041687538	
balance	0.000278819010803	1
dance	0.00238741958958	
fill	0.000870168789824	1
lick	0.002358969412731	
lock	0.000673847785984	
plant	0.001443262037673	
plug	0.000763838744305	
pop	0.001999641768806	
sound	0.001706828113552	
steal	0.000353030618558	
sure	0.001159789621177	
tire	0.003745725558633	
belong	0.001902007329714	
chop	0.00047457878757	1
except	0.00019356752094	
feed	0.002553938703894	
follow	0.000790932562729	
hope	0.000973484856681	
land	0.000564374533983	
number	0.001549565571405	
park	0.001240447564583	
pat	0.003970623373326	
picture	0.000722822761252	
scream	0.00034527916421	
shake	0.001908397129344	1
shape	0.00023553784197	
shoot	0.000620753854231	
slip	0.000576781924846	
snap	0.001149154431623	1
sneeze	0.000426871220048	
spit	0.000728550168254	
squish	0.001623039250343	1
understand	0.004839618062091	
visit	0.000771621774053	
wipe	0.003549516817449	1
begin	0.001492960463053	
bend	0.001452630638389	1
burn	0.00100561405371	
chase	0.00091832687459	
chew	0.002909830818984	
crawl	0.000695349438466	1
enjoy	0.000938030643864	
grab	0.003184127938865	1
hammer	0.001999014271982	1
hand	0.00115921852998	
harry	0.001138100689713	
hug	0.000978742992397	
jack	0.000200932491655	
kick	0.003426673022909	
kid	0.000338991608535	
let me	0.002787218957972	
mash	0.000921900781241	
match	0.000753878510873	
mess	0.000675666053842	
mother	0.000187327767045	
pamper	0.000288621112634	
paste	0.000189899356073	
ready	0.003610036118579	
record	0.001027334632772	
rid	0.001268641178651	
ring	0.001320943775467	
rub	0.002008056743266	1
saw	0.001850080904352	1
sell	0.000921481618972	
spill	0.002421847021648	1
swim	0.001722969301252	
tangle	0.000380765090343	
teach	0.001706939265279	
thank	0.003947276761512	
worry	0.001944783775923	
add	0.000678125471118	
bag	0.000745185899198	
bam	0.000301018765985	
bang	0.001278664293924	1
bat	0.000196210759488	
believe	0.001167656753838	
blink	0.00117325952468	
bounce	0.003846871734076	1
chicken	0.000311284789574	
connect	0.000304313447217	
crash	0.000945186271756	1
crow	8.18845798551094E-05	
dirty	0.001544047797252	
end	0.000542291638778	
flip	0.001088253463916	1
give me	0.003201307234354	
heat	0.00029977184452	
hurry	0.002185739934599	
long	0.000192585028504	
lose	0.002191332910835	
mind	0.005686972844832	
moon	0.000104263198731	
notice	0.000541250369554	
pay	0.00158517428964	
pee	0.001488199270509	
piece	0.000734139233969	
roar	0.000342330876419	
rush	0.000135316324649	
sail	0.000178500812686	
scare	0.001872897442239	
shine	0.000110285889955	
shovel	0.000114564939435	1
side	0.001459455229415	
skip	0.005971264711584	
slide	0.001663769985625	1
spell	0.001950341876495	
spread	0.001185067335184	1
sprout	0.001111309199476	
sticker	0.000831806403587	
straighten	0.000607874605951	1
tape	0.001684267749175	
tuck	0.001651204689316	1
appear	0.000726666367538	
baby	0.001595849850224	
ball	0.002485949110876	
bark	0.000628175861402	
bear	0.001322817015579	
box	0.001192206114114	
breathe	0.000182192213055	
burp	0.000701843192235	
bury	0.003113781523133	1
cake	0.000300836977058	
check	0.001785142602288	
clang	0.000144310556317	1
cool	0.001548567552341	
crack	0.00078558423168	1
cross	0.000654774921339	
crowd	0.00021379051363	
crush	0.000161873170771	1
deserve	0.000120416725722	
detach	0.000144310556317	1
dream	0.000240928348579	
erase	0.002444852117082	1
face	0.002177088380582	
fire	0.000639535552817	
flatter	7.18917435134014E-05	
grate	0.000154918379156	1
hole	0.000399848913279	
identify	0.003076425936564	
jail	0.000128818414041	
juice	0.00069408413126	
kill	0.000785817478031	
lean	0.001043790580093	
leap	0.000119390794779	
lie	0.001780094733367	
mail	0.000228610070674	
mix	0.001199190335039	
motor	0.000109647779658	
mouth	0.000100368421693	
mush	0.000166025953837	
pan	0.000321975196545	
pardon	0.002659153297482	
peek	0.004234813635715	
plane	0.000810980472921	
point	0.001149565723646	
poke	0.000733669049829	
prepare	0.000109174960658	
prick	0.000122773093475	
rain	0.000711581333917	
rise	0.000400247201511	
rock	0.001121495011673	
rope	0.000173946809103	
scoop	0.000440989612735	
scrub	0.000163233872846	
sea	6.0458145069606E-05	
send	0.001665605030405	
separate	8.94296358515342E-05	
sew	0.000890580847846	
sharpen	0.000293138562623	
shave	0.001143535611383	
shout	0.001151897296211	
sink	0.000133374608546	
slam	0.000109971862593	
smell	0.003549054331666	
smoke	0.000751729873599	
spend	0.000560621012123	
spin	0.00116287962878	
splinter	0.000172232889665	
squash	0.000476667261293	
squirt	0.000839588658842	
still	0.000346795319577	
sting	0.000429175407551	
swallow	0.000556834486517	
tap	0.000349304118927	
tear	0.003268179247197	
tickle	0.001677787704371	
transcribe	0.000169747520891	
tweet	0.000407011547219	
wag	0.000307075818777	
wheel	0.000423532738273	
wriggle	0.000296275677638	
yawn	0.000109121477884	
admit	0.000317380788163	
air	7.41631704791478E-05	
arrive	0.00029187138085	
assure	4.30455042129761E-05	
awake	0.000541916715537	
back	0.001407995636168	
bash	0.001201984795683	
bathe	0.000147621489856	
beep	0.000427085723703	
beg	0.000602527824034	
black	7.80944052374033E-05	
blend	0.000102242090443	
block	0.001329049900274	
boil	0.000110935818332	
bolt	0.000399894956305	
boom	0.000273464706275	
borrow	0.000663813059812	
bottle	0.00043353206001	
bowl	0.000108776609005	
brown	0.000270231370208	
bug	0.000172331643499	
busy	0.000357028489338	
cant	0.004057255813979	
carpet	7.1012753728535E-05	
chaff	7.21552781585973E-05	
choose	0.000924841227743	
clamp	6.86488070813832E-05	
clip	0.000285274429694	
clock	7.16836892174683E-05	
comb	0.002887029931377	
content	6.56539550670909E-05	
crackle	0.000167007098331	
crayon	0.002232480784837	
cream	9.25507827237028E-05	
creep	0.000174779088292	
crunch	0.000171623134599	
cube	0.000218599659512	
cuddle	0.001507940830834	
dedicate	7.21552781585973E-05	
diaper	0.000529018030027	
dim	6.42752479220688E-05	
dish	0.000327498655563	
disturb	0.000329661092661	
dot	0.002558288458619	
drag	9.52352248874184E-05	
drape	0.001534277381756	
dress	0.002480643078573	
drown	0.000754484339349	
earn	0.000999169095776	
empty	0.001062746110777	
enter	0.000152676362995	
escape	0.000486513523885	
explain	0.000290761287958	
fan	6.24065930299582E-05	
fasten	0.000353308499672	
fight	0.000703339883818	
figure	0.001604363581065	
flake	0.000761061100384	
flap	0.001080244802669	
flee	0.00015659828973	
flop	0.000185649631155	
flour	4.05107741037252E-05	
flush	0.000142821213134	
fudge	0.000107252016303	
gobble	0.000692901167372	
halve	7.21552781585973E-05	
hoe	7.21552781585973E-05	
holler	0.000621557732756	
hook	0.001472812866074	
house	0.000990126204996	
hunt	6.6002725957516E-05	
intend	0.00065099893867	
intensify	7.21552781585973E-05	
interview	6.46343813261431E-05	
iron	0.000844467651823	
juggle	9.49204295079043E-05	
kayak	7.21552781585973E-05	
king	0.001348997007656	
knead	0.00017196713446	
knit	0.000129621112817	
lap	0.000114658015862	
last	0.00019360426559	
lay	0.001178110503846	
light	0.0003903454097	
line	0.00094809257653	
link	5.3810179177005E-05	
load	0.00031241183537	
loosen	0.000264410722165	
lunch	0.000739905103919	
marbleize	7.21552781585973E-05	
march	0.000254671944735	
meet	0.001724009075765	
milk	0.00046150479051	
mine	0.000448655594551	
munch	0.000440844623545	
pain	5.14037793441344E-05	
party	0.000822539382041	
peekaboo	0.006324088403032	
pig	0.000429835862286	
pin	0.000438064982891	
plop	0.000935763457274	
plunk	0.000330209894211	
pound	0.003038247445584	
print	8.4437683414028E-05	
promise	0.000999422729447	
punish	0.000105659134862	
quiet	0.001744938394975	
raise	0.000272459440642	
realize	0.000786849053194	
recognize	0.001220384257622	
reflect	5.01764435006837E-05	
reply	0.00011553331267	
rescue	0.000446015055258	
resist	5.02758469707305E-05	
respect	0.000908341601004	
retrieve	4.45598187029232E-05	
return	0.000123536314384	
rinse	0.000224661667624	
roam	5.51650743351789E-05	
round	0.000762066191484	
row	0.000222425340721	
scitter	7.21552781585973E-05	
scout	4.49439091281518E-05	
scrape	0.000205162453666	
season	5.01764435006837E-05	
shock	5.79532726026369E-05	
sign	0.000520385327141	
sled	5.40297904681706E-05	
smile	0.000977633062536	
sniff	0.000183309023427	
spank	0.000812887425857	
speed	6.01842975416617E-05	
split	0.000431300187629	
spot	0.000292656435071	
stall	0.00061083187517	
star	0.000266455969979	
steer	0.000771608993779	
stem	4.49439091281518E-05	
stitch	8.00505755603225E-05	
stomp	0.000301047973109	
stripe	7.17071577081646E-05	
stroke	0.000546584591628	
struggle	5.14734004504401E-05	
stuff	0.000862093157913	
subject	7.21552781585973E-05	
surprise	0.000500760030056	
swing	0.000503958296523	
table	0.000320320446604	
tame	6.42752479220688E-05	
tow	0.000500293290239	
toy	0.001530245008057	
trade	0.001429401664177	
trip	0.000499596294802	
twirl	0.000359462787848	
water	0.000874840997214	
wave	0.000838184045819	
whisk	0.000738682562486	
wiggle	0.001631734431007	
win	0.001412276259209	
wing	0.001022201785591	
woo	0.00241636662783	
wrap	0.003100916384129	
circle	0.000819442941573	
squiggle	0.000840803018411	
tingle	0.004	
bother	0.001136290652486	
somersault	0.001556399886074	
speak	0.001415776674329	
night	0.019809057126047	
pretend	0.002352773197183	
mark	0.000696325074073	
switch	0.000795187986736	
excuse	0.002554277101291	
squeeze	0.001651955811221	
squeak	0.002852038335339	
excite	0.000266278835335	
calm	0.001312515411039	
flower	0.001041463784461	
found	0.000813639909244	
ignore	0.000361311915813	
recall	0.000593198307561	
remind	0.000423135213186	
allow	0.000929880863327	
avoid	0.000339493083233	
ruin	0.000329743585068	
bore	0.000700141747149	
arm	0.000466429419838	
beach	0.000565631728106	
pattycake	0.003545490971411	
pad	0.000513750669192	
sling	0.000796746592036	
twinkle	0.000659567046795	
blab	0.001187648456057	
fool	0.000345237021938	
interest	0.000952123012846	
sort	0.001618773812781	
strap	0.000527538155161	
bead	0.001025665198669	
buckle	0.001320907772386	
care	0.001350937791536	
best	0.000604904259491	
name	0.002191547291039	
snow	0.001271012717916	
peel	0.001261418502264	
teethe	0.00093922993278	
orient	0.002666666666667	
defy	0.004484304932735	
depend	0.000570919770416	
distract	0.001730516413347	
suffer	0.000831908901744	
twist	0.000912214618537	
zoom	0.000479163809363	
bless	0.002276595084772	
farm	0.000858330649459	
meow	0.00100577997998	
overwhelm	0.000434489507859	
wire	0.000239960187744	
frighten	0.000846954261065	
toss	0.000280554318221	
clap	0.001302080528888	
jiggle	0.001621123444781	
tip	0.00238682230346	
trace	0.00086042084122	
couple	0.000797108351684	
boo	0.000479118722746	
mesmerize	0.001040792849596	
rattle	0.000533352823566	
scribble	0.000573393986424	
stack	0.005873107152075	
measure	0.000783304250894	
balloon	0.000277105066847	
honk	0.000617468008335	
suck	0.000777588671379	
cheat	0.001666378056979	
click	0.000866979316414	
fish	0.000710688721876	
square	0.000411933623806	
film	0.000738502009092	
smart	0.000611038034031	
engross	0.001147736755392	
estimate	0.001605136436597	
explore	0.00122342028179	
expect	0.001385328131406	
fine	0.004143904245748	
own	0.001441217194702	
pen	0.000577942299812	
please	0.00046103531914	
treat	0.000608533033794	
eye	0.001382938883408	
man	0.000976034408618	
scramble	0.000564452383053	
expose	0.001240075727531	
jar	0.000531003178512	
concentrate	0.00097971535568	
fling	0.000864036738602	
crank	0.001048207287111	
fail	0.001219234960276	
label	0.001742975111732	
relax	0.001935926151581	
shove	0.001155498657703	
scoot	0.001974818492583	
mumble	0.000506485275825	
seed	0.000199797324285	
shy	0.000469412139947	
braid	0.000246910201402	
bumble	0.001773563346464	
choke	0.002408028655474	
continue	0.000147330667585	
copy	0.000220938934607	
croak	0.00049115913556	
die	0.000800417230378	
dwarf	0.0004547845887	
fetch	0.002025006930805	
glue	0.003377805085677	
kneel	0.000226038379671	
leaf	0.000176892562046	
moo	0.000666237085097	
rest	0.000519405660898	
skunk	0.000243294221641	
stain	0.000322070695725	
warm	0.00153922434715	
chug	0.002327567862196	
pepper	0.002543095921568	
appreciate	0.000222270703617	
quack	0.00024580683598	
wither	0.001182499014584	
cheep	0.001144213901571	
describe	0.000216578547634	
diddle	0.000733658783118	
invent	0.000426737506197	
trot	0.000188003455631	
whistle	0.000479373478988	
agree	0.0003088060089	
cheer	0.000151838789859	
market	0.000247139660514	
marry	0.000257165313925	
parrot	0.000222419143275	
peep	0.000740692632793	
pinch	0.000861921875001	
quoth	0.000394166338195	
sand	0.000132277779498	
spoil	0.000600500101278	
wander	0.000511098343909	
whisper	0.000209623973414	
boot	0.000383532284227	
exercise	0.000275412620243	
screw	0.001247008352201	
skedaddle	0.000333572201677	
spoon	0.00088316939813	
trick	0.000313938665163	
band	0.000157898397027	
manage	0.001543325251313	
batter	0.000165891370739	
boat	0.000291480785938	
collect	0.000391874067982	
crumple	0.000116464735622	
cup	0.000403178089198	
deliver	0.000411830239386	
disrupt	0.000218097648646	
doubt	0.000304645181124	
embroider	0.000110657800993	
game	0.000335917308673	
gas	0.000203583061889	
glove	0.002026977725871	
head	0.000423441698565	
hollow	0.000203583061889	
knot	0.000495764715216	
pass	0.00102825751924	
perform	0.000134994679831	
puzzle	0.000831723397257	
rough	0.000458024369039	
rule	0.000111617865374	
shadow	0.000166408256037	
shampoo	0.000224797573457	
sock	0.000778880471296	
station	8.88964928213162E-05	
sun	8.68294213261856E-05	
towel	0.000286945384943	
train	0.000357355609674	
travel	0.000167294709486	
waste	0.000128209176309	
chirp	0.000396441199778	
smack	0.002941931773094	
melt	0.000308003465797	
drip	0.000299975475677	
thaw	0.000422728152593	
sway	0.00017491992245	
zip	0.003020067399709	
bob	0.00131732718352	
clonk	0.001028888376398	
couch	8.00912153392099E-05	
disappoint	0.000117400422785	
drool	8.53940669140509E-05	
dust	0.001539510232271	
groan	0.00014063712022	
hum	0.000422418526207	
improve	0.000102255374303	
interrupt	0.000226856801271	
part	0.00020968481688	
plan	0.000157086820694	
question	8.55346770611975E-05	
stare	0.000122395951458	
stew	7.263612283384E-05	
study	0.00075740769622	
sweep	0.000841214326889	
tighten	0.000963059681164	
top	0.000855836024668	
translate	7.79989701938055E-05	
wet	0.000892391852638	
wink	8.52858188758759E-05	
till	0.001093705251708	
bleed	0.000712996434883	
curl	0.000182089462584	
bop	0.000173634381431	
argue	0.000332488589049	
beat	0.000892132544933	
dare	0.001648765851765	
intrigue	0.000357079093019	
zipper	0.001442766067426	
bust	0.000108007597784	
cost	0.000939430878309	
costume	0.00012049404214	
cough	0.001079525850864	
dial	0.001558392379479	
don	0.000121072342902	
extend	0.000147889447794	
foul	0.00017853954651	
freeze	0.000386902652516	
gather	0.000662220596873	
heel	0.000120350770333	
investigate	7.76887031009938E-05	
jingle	0.000509432334498	
join	0.000341934481081	
murder	0.00017853954651	
nap	0.00080647966757	
neck	0.000173069650207	
powder	0.000254350933355	
pray	8.9010164872328E-05	
rake	0.000363521526171	
slap	0.000876998147018	
slop	0.000364600169731	
starve	8.4417557692937E-05	
wound	9.18054857082274E-05	
blanket	0.00029653495397	
control	0.000339203793804	
store	0.00020359364334	
upset	0.000547165078549	
aim	0.00020930946583	
pity	0.000741839762611	
practice	0.000252650052486	
quit	0.000781041458812	
snip	0.000501477408198	
spray	0.00098943345355	
belt	0.000261765353605	
corner	0.000102832913362	
flatten	0.000353875630765	
golf	0.0002140166829	
grill	0.000370919881306	
ham	0.000297937445152	
lead	0.000202896102801	
shoo	0.000723097835001	
splash	0.001372355559902	
wrench	0.002719728337114	
poop	0.000507355987983	
wrestle	0.000355317402961	
arrange	0.000439552978622	
operate	0.000882609667829	
poo	0.001162706037956	
protect	0.00025263585631	
trash	0.000223894891793	
bar	9.43300278774997E-05	
carve	0.000125125121089	
compare	0.000124077846587	
faint	0.000150986974184	
fart	0.000282286520819	
float	0.000550527710092	
impress	0.000115070209232	
warn	0.000211168371442	
blot	0.000141143260409	
brave	0.000145941246643	
bruise	0.000143333407571	
bubble	0.00070602086423	
cap	8.37361071799875E-05	
channel	7.96027988336972E-05	
chill	0.000401510124327	
coach	9.21575057590982E-05	
combine	8.37361071799875E-05	
decorate	0.000371166494538	
dilute	8.38710352779375E-05	
dye	0.000101801275286	
exist	8.14419574171619E-05	
explode	6.72714691640928E-05	
frost	8.58680726429549E-05	
generate	0.000141143260409	
goof	0.002601485709128	
gulp	0.00052694224021	
gum	9.87150848677046E-05	
gun	0.000180124653868	
huff	0.001028710689466	
ice	0.000230925417946	
itch	0.000301906704603	
leak	7.50736281779182E-05	
lower	0.00192885284513	
mushroom	0.000706257192561	
paddle	0.000210255989143	
paw	6.31760270122311E-05	
peck	0.000603161621877	
pet	0.001378899355145	
present	0.000154518601849	
puff	0.001209408298132	
regret	0.000141143260409	
repair	0.000206002246207	
repulse	0.000141143260409	
seek	0.00034308785899	
sentence	0.000178716559698	
sift	0.000141143260409	
sizzle	0.000468132820666	
ski	7.26944380577076E-05	
soak	0.000126909886199	
sour	0.000110788741753	
spare	8.61466250142466E-05	
stink	0.000881906834181	
suit	0.00042323726957	
survive	7.08128745396593E-05	
sustain	9.45962313962779E-05	
tease	0.000106083227654	
tee	0.000147636981623	
thin	0.001828306724452	
tippie	0.000141143260409	
vibrate	0.000108064131704	
bonk	0.000381229618056	
ooh	0.006248544307391	
boog	0.000369617445943	
toot	0.000136889173253	
fuss	0.000518303732724	
type	0.000544462281084	
jerk	0.00013637029229	
offer	0.000194749197695	
wreck	0.00045776960235	
aah	0.000995078889517	
handle	0.000611107289552	
hoot	9.35617681462861E-05	
stone	0.000335471702146	
babble	0.000211971772339	
damn	0.000337459650962	
finger	0.000257785680521	
flash	9.34001158586305E-05	
imagine	0.000389458268891	
lighten	0.000123205815314	
loose	0.000409940098557	
mop	0.000456365281572	
phone	0.00114724805133	
provide	9.91407971070698E-05	
pry	0.000119666022222	
screen	0.000123205815314	
smooth	0.000595020247097	
sneak	0.000632753208495	
sniffle	0.000123205815314	
tune	0.000106933313478	
wax	8.33906511608283E-05	
weigh	0.000206652152858	
amaze	0.000126229473035	
barrel	5.91124214974956E-05	
blast	0.000109725249755	
brighten	0.00049523990493	
bunch	6.59641572386615E-05	
case	0.00036189580535	
chain	5.88747767047311E-05	
comment	6.16029076572414E-05	
complain	0.000294682141999	
conceive	4.39659308039505E-05	
confuse	0.000106161284671	
cremate	6.16029076572414E-05	
crinkle	6.16029076572414E-05	
crumble	6.25065042667139E-05	
dart	4.61275940934564E-05	
double	3.52345888530473E-05	
elbow	4.97895575602006E-05	
flick	7.84756577365099E-05	
frustrate	7.08523465531916E-05	
fuck	6.16029076572414E-05	
green	9.86538172907276E-05	
greet	9.04864651249391E-05	
grin	4.89800361744415E-05	
ground	5.58816315629366E-05	
hiccup	4.86293624427425E-05	
imitate	0.000173606205517	
muss	6.16029076572414E-05	
nix	4.49002582500058E-05	
pack	0.000657983922346	
pervert	6.16029076572414E-05	
pool	3.52345888530473E-05	
predict	8.99604237639643E-05	
pucker	0.000128349015784	
pump	0.000182456175329	
remove	0.000427736333672	
repeat	0.001566090293627	
shower	0.000530468486941	
space	6.72434155536036E-05	
squint	6.16029076572414E-05	
tilt	9.1474271959426E-05	
toast	0.000939223067663	
track	0.000128328781335	
trouble	0.000279228847601	
trust	0.00032152567438	
tumble	0.005100602035894	
whoop	0.000229808313847	
dub	0.000686644096232	
bleach	0.000876424189308	
woof	0.003730712522947	
dip	0.000258951311492	
dribble	0.00067425753594	
order	0.000376584072394	
peak	0.000138764172348	
truck	0.000470400760956	
chip	0.000908086065515	
drum	0.000393934157388	
grey	7.85033805226852E-05	
hatch	0.000147135385585	
nail	0.000148500558494	
pickle	0.000645919019988	
pile	0.000437248197213	
scram	0.00020959303967	
shiver	9.11414535041737E-05	
sin	0.000862565071856	
skirt	0.000141264826797	
smooch	0.000244204857119	
smoosh	0.000123651828085	
suffocate	0.000140634020742	
swear	0.000614298253913	
tackle	0.000125360408214	
wee	0.001206302019628	
whip	0.001200196840013	
thread	0.001271527079367	
dab	0.00053933943504	
enclose	0.000753496805436	
support	0.000433762881181	
wrinkle	0.000446139501311	
butter	0.000432353811124	
chalk	0.00021889158364	
clear	0.001298003009657	
consider	0.000360890979397	
construct	0.000522155100633	
delight	0.000289347983935	
grease	0.001092420064536	
nibble	0.00016028914907	
rotate	0.000406334404854	
snuggle	0.00044903714714	
suggest	0.00040986456144	
swipe	0.000255478632921	
tweak	0.000423274280127	
shade	0.000468545852784	
ping	0.000429450649608	
pong	0.000402248022515	
cock	0.001221440588613	
seat	0.000872171928635	
strangle	0.000272254919289	
key	0.000668817139883	
suckle	0.000256956260224	
toe	0.000767934681112	
telephone	0.001666458548339	
neigh	0.000398848590564	
peddle	0.00025598188472	
settle	0.000384620597083	
coo	0.001193744305191	
near	0.000651865299287	
snuffle	0.000308635498636	
page	0.000444278326204	
rent	0.000145550630416	
scooch	0.000123234061708	
squawk	0.000323691125236	
panic	0.000111915089806	
curve	6.93975370065071E-05	
dangle	0.000123056792366	
gray	0.000114279184047	
ruffle	0.000216657147647	
skate	7.10806897938298E-05	
slice	0.000291637792556	
sport	0.00055576923163	
spy	0.000339537573635	
squoosh	7.80931803424737E-05	
style	9.4632093523013E-05	
test	0.000403111974504	
act	0.000320538332858	
alight	5.7139592023313E-05	
apologize	0.000314999774319	
babysat	6.59902573131551E-05	
blackmail	5.7139592023313E-05	
blame	0.000349416257866	
bribe	4.26686004330415E-05	
brick	0.000264640192784	
buzz	8.48423167241791E-05	
cancel	8.20316329719314E-05	
chitchat	5.7139592023313E-05	
chuck	0.001419474915354	
confront	5.7139592023313E-05	
coordinate	7.45482168061636E-05	
correct	8.92129193580626E-05	
cram	0.000130811566795	
create	6.42045726423599E-05	
desert	5.7139592023313E-05	
destroy	0.000113065737862	
dice	0.000235997336673	
dive	0.00164102400142	
equal	3.74360660605096E-05	
fence	0.000943051247578	
gross	4.26686004330415E-05	
haw	0.000117428958001	
hover	4.38959362764922E-05	
inflate	3.74360660605096E-05	
lace	0.000162857283164	
narrow	3.78252926654207E-05	
parade	5.7139592023313E-05	
pedal	0.000132824382578	
polish	0.001117775704976	
purr	0.000124892217568	
recycle	8.51240216134673E-05	
rely	9.71650895188434E-05	
retire	3.45809907655696E-05	
rig	5.7139592023313E-05	
scamper	5.7139592023313E-05	
scissor	0.000402208641233	
seal	8.1907340759033E-05	
slow	0.000126426630623	
soap	0.000131281713311	
strip	0.000189244928735	
torture	0.00011562177064	
wop	5.7139592023313E-05	
yack	0.000369766910459	
yank	4.0102149934445E-05	
bleep	0.00326574380971	
boing	0.001514798179889	
swish	0.000640161038352	
smush	0.000303781911765	
whoosh	0.00031749882765	
dazzle	0.000209068584106	
pot	0.000347404853926	
yeow	0.00031206579842	
smear	0.002816101202726	
snore	0.000331898820238	
strum	0.000324718587183	
moan	0.000113135802733	
score	0.000966996827169	
sue	0.001348150411686	
budge	0.000168693712781	
wobble	0.000306588616899	
accessorize	0.000125682498685	
fry	0.000390907538704	
nose	0.000305763671107	
pitch	0.001345565575964	
swoosh	0.000108672101157	
topple	0.000357139273557	
tug	7.12403556682478E-05	
boast	6.69179658521805E-05	
bong	0.000136447989501	
clank	7.75468024059824E-05	
clunk	0.000754541812013	
collapse	9.99507845335667E-05	
exaggerate	6.1097071218245E-05	
glide	7.05815456939294E-05	
plead	0.000129508885067	
rhyme	0.000533613616731	
rumble	7.69291474593878E-05	
splish	0.000136006106167	
sprinkle	0.000112916835981	
strike	0.000130204552076	
wail	7.9855759870017E-05	
approach	0.000115461191993	
clink	9.74848898420745E-05	
cloud	0.00023745951844	
creak	6.40685851858729E-05	
discover	0.000148600379453	
flavor	0.000582253342586	
frown	0.000774237122739	
glub	0.00013526331074	
loop	0.000150577614047	
race	0.000358586007587	
release	0.000149956496885	
romp	9.74848898420745E-05	
shunt	5.76087149698904E-05	
size	0.000568814564129	
steam	0.000535873514538	
tower	0.000464787568687	
yellow	0.000197967593261	
achieve	4.87424449210372E-05	
advance	0.000218660833388	
apply	0.000717845763884	
bench	0.002245984115072	
beware	6.4074030162933E-05	
bin	0.000631934368832	
bling	4.87424449210372E-05	
bridge	0.000114380679896	
buffer	4.5773916016933E-05	
bundle	0.000121244445598	
burst	0.000393648453809	
cling	8.17450675649681E-05	
cluck	4.87424449210372E-05	
cramp	4.87424449210372E-05	
crest	4.87424449210372E-05	
delay	5.69423904626032E-05	
down	0.000183389599552	
fade	3.76706275337983E-05	
feather	6.84520236266783E-05	
flame	4.87424449210372E-05	
flicker	4.87424449210372E-05	
flow	4.68483976863542E-05	
fluff	3.75356994358484E-05	
front	5.51345076937806E-05	
gasp	7.34609232215198E-05	
giggle	0.00012986906806	
glisten	8.95135584646877E-05	
glow	0.000142523729936	
gnash	8.07664401460589E-05	
growl	0.000636478582581	
grumble	8.6337894967206E-05	
guard	5.62137751971009E-05	
haul	0.003051705343974	
heft	4.87424449210372E-05	
hitch	5.46637383699955E-05	
hoke	4.87424449210372E-05	
host	4.87424449210372E-05	
inspect	3.38900696727521E-05	
jam	0.000268916558563	
jog	2.88043574849452E-05	
lop	4.87424449210372E-05	
mat	0.000619498435606	
nip	0.000272116191099	
nod	0.000143007936917	
oil	6.76068228696524E-05	
organize	0.000298020709498	
picnic	5.38402331627483E-05	
plow	3.84700268819037E-05	
pout	9.54444278620822E-05	
prefer	0.000498704995665	
refuse	0.000898998251998	
renew	4.87424449210372E-05	
repel	3.75356994358484E-05	
salt	0.000236862400345	
satisfy	5.29279647073631E-05	
scurry	4.87424449210372E-05	
search	9.78589381575956E-05	
shrink	4.73607965893255E-05	
shudder	4.87424449210372E-05	
shush	0.000573971860295	
shuttle	0.000106175138948	
sigh	6.66676357246738E-05	
slurp	0.000923532897132	
soar	4.8696023151659E-05	
speckle	4.87424449210372E-05	
spring	0.000189205034344	
stamp	0.000222715803441	
string	0.002984242604937	
strut	4.87424449210372E-05	
surge	4.87424449210372E-05	
swirl	3.15575312871712E-05	
swoop	5.46625173263397E-05	
telescope	4.87424449210372E-05	
thump	0.00031530755808	
trample	8.93667049074315E-05	
trundle	4.87424449210372E-05	
urge	3.96973627253543E-05	
vacuum	0.001275166169797	
view	0.00011627489044	
waddle	0.000597146647236	
warble	4.87424449210372E-05	
whirl	5.69423904626032E-05	
pocket	0.000187080489728	
glug	0.000535754568013	
flounder	0.000497523256252	
peer	0.00015951998366	
exclaim	0.000226391727355	
signal	0.000253778479585	
insist	0.000570209819484	
winter	0.000149776976431	
announce	0.000156164248847	
blush	0.000202948711679	
disguise	9.68229760575849E-05	
introduce	0.00026152042724	
mention	0.000199822874322	
remain	7.37472507287103E-05	
slink	0.000224624724943	
slither	7.59565447785207E-05	
state	0.000140988044214	
teeter	0.000131657493072	
totter	0.000131657493072	
applaud	0.000112790435371	
bow	0.000131533988866	
celebrate	0.000157927458285	
dash	0.000127874280598	
force	0.000132144661675	
graze	0.000127730431721	
guide	9.04994721105499E-05	
hike	7.4219951409468E-05	
murmur	0.000112790435371	
plunge	0.000112790435371	
snort	0.000313517505045	
sputter	0.000112790435371	
stalk	0.000156989041633	
whine	0.001998844963799	
advise	8.45928265283104E-05	
awaken	8.45928265283104E-05	
bask	9.03157612482003E-05	
battle	5.55958183374349E-05	
boink	6.86253672148147E-05	
crop	8.45928265283104E-05	
deny	7.33774103425415E-05	
direct	7.49067218439599E-05	
doctor	0.000478665378101	
encourage	0.000211304510988	
garden	0.000536259116592	
grout	8.45928265283104E-05	
gurgle	5.74087805127709E-05	
include	0.000227489821	
inquire	7.08531555109997E-05	
instruct	8.45928265283104E-05	
litter	8.45928265283104E-05	
oppose	5.60117549908863E-05	
plod	8.45928265283104E-05	
pounce	0.000162419419222	
prance	7.25727713676292E-05	
pronounce	0.000131884512936	
raspberry	5.11626833130083E-05	
receive	0.000108067530354	
report	0.000717316984832	
shell	8.51283185211955E-05	
shimmy	0.000173074273172	
solve	0.000133002914628	
squeal	0.000238453679384	
stumble	0.000670783480145	
taunt	8.45928265283104E-05	
thunder	0.000348374892191	
transform	8.45928265283104E-05	
tremble	8.45928265283104E-05	
trim	8.05909386746814E-05	
trumpet	5.58225675433953E-05	
weep	0.0003703233577	
admire	5.81072380275443E-05	
await	5.63952176855403E-05	
bail	9.76824414894184E-05	
board	7.38431354945262E-05	
camp	0.000303428671947	
cart	5.63952176855403E-05	
cave	0.001249793596462	
chart	5.63952176855403E-05	
chime	0.000120169339529	
class	8.80184587027096E-05	
coat	0.001351289699122	
command	5.63952176855403E-05	
darn	0.001988981922568	
destruct	5.63952176855403E-05	
discuss	0.000638952560453	
dispose	6.19107772063329E-05	
dunk	0.002222987025112	
echo	5.63952176855403E-05	
enchant	5.63952176855403E-05	
fixate	5.63952176855403E-05	
flourish	5.63952176855403E-05	
flurry	5.63952176855403E-05	
flutter	5.82450579942761E-05	
focus	5.45265627934297E-05	
form	6.1395484253721E-05	
glare	5.88498893724415E-05	
grunt	4.14970139160499E-05	
harvest	5.63952176855403E-05	
hesitate	5.63952176855403E-05	
honor	5.63952176855403E-05	
list	4.13620858180999E-05	
mend	0.003107541125979	
mirror	5.63952176855403E-05	
muscle	6.68106291532188E-05	
muse	5.63952176855403E-05	
ouch	0.000823687410705	
package	0.000566410741243	
perfect	0.000147456875164	
pilot	5.63952176855403E-05	
radio	6.15442808449043E-05	
refer	4.87764369771516E-05	
relate	0.00038619542949	
reveal	6.15442808449043E-05	
scallop	0.002224497344171	
scan	0.000107910641924	
scatter	0.000137057922835	
scowl	5.63952176855403E-05	
shift	5.14912783141124E-05	
skitter	5.63952176855403E-05	
slosh	0.000623435704081	
snack	0.001061510214922	
snatch	0.001080608824221	
sob	5.63952176855403E-05	
stagger	5.63952176855403E-05	
storm	7.41760296372772E-05	
stow	6.07687768448547E-05	
tramp	5.63952176855403E-05	
trap	0.000151336521962	
treasure	5.7045921357683E-05	
veer	5.63952176855403E-05	
volunteer	6.00001784903977E-05	
abuse	2.81976088427701E-05	
acknowledge	2.81976088427701E-05	
address	5.84301546656508E-05	
adopt	2.81976088427701E-05	
adventure	4.59013740690126E-05	
affect	0.000613588319781	
age	0.000186478307523	
arrest	2.81976088427701E-05	
associate	2.72632813967148E-05	
base	0.000142553201373	
beam	0.000170174304941	
beard	6.06754229588792E-05	
beef	7.79456009790915E-05	
behave	0.000785173290857	
bud	2.73982094946648E-05	
bum	0.00102216332055	
cackle	2.81976088427701E-05	
cast	7.80073039617569E-05	
challenge	2.81976088427701E-05	
clarify	2.81976088427701E-05	
clutch	1.85319394458116E-05	
communicate	4.240977209026E-05	
compress	2.81976088427701E-05	
confirm	4.04277583720446E-05	
congratulate	2.81976088427701E-05	
consult	0.000789292602871	
contain	7.46667914979613E-05	
contour	2.81976088427701E-05	
convince	9.22066695484671E-05	
course	0.000482724493685	
date	0.00036061398378	
deal	7.91840905831037E-05	
demand	0.000130404922123	
descend	2.81976088427701E-05	
develop	0.000127680364423	
differ	2.81976088427701E-05	
dodge	2.72632813967148E-05	
doodle	2.81976088427701E-05	
drain	0.000128943206524	
drat	2.81976088427701E-05	
drill	0.000722969591104	
drug	2.72632813967148E-05	
duplicate	2.81976088427701E-05	
eclipse	1.85319394458116E-05	
effect	3.81234056130053E-05	
elect	2.81976088427701E-05	
embrace	2.81976088427701E-05	
emphasize	2.81976088427701E-05	
enact	2.81976088427701E-05	
engineer	2.81976088427701E-05	
establish	0.000110770136582	
examine	0.000212349658689	
exhaust	6.58951149728258E-05	
exit	2.81976088427701E-05	
express	2.81976088427701E-05	
fib	2.55274764900493E-05	
flock	4.66699724234696E-05	
flunk	2.81976088427701E-05	
forbid	4.59013740690126E-05	
fork	0.003153104505676	
fuel	7.07207397591349E-05	
gaze	2.81976088427701E-05	
geyser	2.81976088427701E-05	
glance	2.29650744702382E-05	
gloat	0.000587493299834	
grasp	4.74454764235193E-05	
harm	2.55274764900493E-05	
hay	3.37307092363055E-05	
hoard	2.81976088427701E-05	
hoist	6.21480068046255E-05	
horrify	2.81976088427701E-05	
huddle	5.82013286426491E-05	
hurl	2.81976088427701E-05	
judge	0.000441109947245	
lack	2.81976088427701E-05	
lunge	1.85319394458116E-05	
lurch	3.81234056130053E-05	
memorize	4.04277583720446E-05	
mew	2.81976088427701E-05	
moisturize	2.81976088427701E-05	
muddle	0.000512325461967	
mull	1.85319394458116E-05	
mutter	2.81976088427701E-05	
nurse	0.000711669269947	
nuzzle	2.81976088427701E-05	
obey	6.87483126403607E-05	
object	0.000655855269798	
obsess	0.000185617890356	
occur	3.71297306680282E-05	
ooze	2.81976088427701E-05	
opt	2.81976088427701E-05	
owe	0.000719911554275	
pace	2.81976088427701E-05	
patch	7.47957385500979E-05	
perk	0.000113589110182	
pierce	8.51720098229487E-05	
pluck	4.27045598993872E-05	
plump	2.81976088427701E-05	
pore	2.81976088427701E-05	
pose	2.94249446862208E-05	
power	3.13924544617708E-05	
prescribe	2.81976088427701E-05	
preside	2.81976088427701E-05	
presume	0.000249131989197	
probe	2.81976088427701E-05	
propose	0.000334132127472	
recommend	0.000522805596975	
renovate	2.81976088427701E-05	
research	2.81976088427701E-05	
respond	0.000108627028646	
riddle	2.81976088427701E-05	
rustle	2.81976088427701E-05	
sample	2.81976088427701E-05	
sanitize	2.81976088427701E-05	
scent	2.29650744702382E-05	
schedule	0.00030210772164	
screech	2.72632813967148E-05	
shatter	0.000243911080101	
shed	0.000286781088533	
shelter	2.8392947774367E-05	
shorten	6.54966483511469E-05	
sip	0.000130797072918	
situate	2.81976088427701E-05	
sneer	2.81976088427701E-05	
sow	0.001852334098539	
spew	2.81976088427701E-05	
stab	8.02779092760023E-05	
stroll	2.11309442807609E-05	
submerge	2.81976088427701E-05	
submit	2.72632813967148E-05	
substitute	2.81976088427701E-05	
sully	2.81976088427701E-05	
tend	0.000283500104839	
ticket	3.99795849978329E-05	
tidy	0.001340009084628	
toddle	9.93296628717226E-05	
tone	2.81976088427701E-05	
torment	4.03514220127106E-05	
tote	9.62395334213852E-05	
transport	4.73428512356524E-05	
travesty	2.81976088427701E-05	
triumph	2.81976088427701E-05	
tromp	0.000112485266444	
trudge	2.81976088427701E-05	
tut	2.29650744702382E-05	
unite	4.66699724234696E-05	
vote	6.77814327228667E-05	
wedge	9.0040006447093E-05	
welcome	0.000235080363265	
whir	2.81976088427701E-05	
whup	2.81976088427701E-05	
witness	1.85319394458116E-05	
yuck	2.81976088427701E-05	
adjust	0.001916943109954	
clog	0.000847756523259	
pause	0.000145005374782	
snarl	0.000184302677655	
stabilize	0.000107477479092	
twine	0.000184302677655	
hedge	8.69100915962806E-05	
smudge	0.000105404814374	
stub	0.001247917599601	
closet	6.78043985948642E-05	
hem	7.89868618519786E-05	
rap	0.000314823827402	
transmit	7.89868618519786E-05	
bandage	0.000445136509423	
blossom	4.22221713181138E-05	
broom	5.26579079013191E-05	
camouflage	5.26579079013191E-05	
comfort	9.73437760601659E-05	
commit	5.26579079013191E-05	
disable	5.26579079013191E-05	
inhale	5.26579079013191E-05	
massage	4.55030603165241E-05	
nag	5.26579079013191E-05	
note	7.1079160567811E-05	
position	3.7346992358962E-05	
require	7.63786722595108E-05	
resume	5.26579079013191E-05	
skim	3.51952239995127E-05	
squelch	5.96756259527937E-05	
stable	5.26579079013191E-05	
straddle	5.26579079013191E-05	
velcro	5.4885696197504E-05	
wed	5.26579079013191E-05	
absorb	2.63289539506595E-05	
annoy	0.000654665129733	
assume	0.000105374746513	
baffle	0.000160787742402	
bellow	2.63289539506595E-05	
bill	2.63289539506595E-05	
browse	2.63289539506595E-05	
butcher	0.004976233635459	
calculate	2.63289539506595E-05	
calibrate	2.63289539506595E-05	
chance	2.63289539506595E-05	
clown	0.000304237847846	
complicate	6.5766449949626E-05	
concern	2.20307470241829E-05	
confiscate	4.68776453388926E-05	
coop	2.63289539506595E-05	
crease	2.63289539506595E-05	
cuff	2.63289539506595E-05	
damage	0.000189452544415	
display	1.75976119997563E-05	
divide	8.94500562139833E-05	
dole	2.63289539506595E-05	
edge	2.63289539506595E-05	
exhibit	2.63289539506595E-05	
fatten	2.63289539506595E-05	
fear	2.63289539506595E-05	
filter	2.63289539506595E-05	
forward	1.75976119997563E-05	
frame	0.000107535355863	
further	7.51366357408161E-05	
germinate	2.63289539506595E-05	
grant	2.63289539506595E-05	
guarantee	0.000152849807791	
harness	0.001536186237834	
herd	8.5328736534903E-05	
hiss	3.84454240814746E-05	
hoof	2.63289539506595E-05	
humor	2.63289539506595E-05	
hustle	2.63289539506595E-05	
illustrate	0.000222369497896	
induce	4.57356449774143E-05	
involve	0.000115319256499	
jut	5.00515332750581E-05	
latch	6.99327006069713E-05	
lather	2.63289539506595E-05	
launch	9.38694002742744E-05	
lump	6.10893425508219E-05	
major	2.63289539506595E-05	
marinate	2.63289539506595E-05	
mourn	2.63289539506595E-05	
negotiate	2.63289539506595E-05	
obscure	2.63289539506595E-05	
photo	2.63289539506595E-05	
prevent	5.97410955128239E-05	
prowl	4.57356449774143E-05	
publish	4.14754446442047E-05	
quiver	0.000880830566039	
reduce	2.63289539506595E-05	
resign	2.63289539506595E-05	
reverse	7.80633711308154E-05	
review	2.63289539506595E-05	
rummage	0.000194471799951	
sag	2.63289539506595E-05	
scam	2.63289539506595E-05	
sear	2.63289539506595E-05	
shuffle	0.000112883770513	
slug	2.20307470241829E-05	
snuff	0.000206294393743	
soften	2.84906172401655E-05	
splatter	2.63289539506595E-05	
sprain	2.63289539506595E-05	
squirm	0.002223472886125	
startle	1.75976119997563E-05	
streak	2.63289539506595E-05	
stump	2.63289539506595E-05	
sup	2.63289539506595E-05	
suppress	0.000112666964538	
suspect	0.000108851607417	
swap	0.000179271732999	
swell	2.63289539506595E-05	
tick	0.001115058510561	
transplant	2.63289539506595E-05	
venture	2.63289539506595E-05	
wallow	7.37705375813904E-05	
wane	2.63289539506595E-05	
woman	0.00015120175528	
plaster	0.000390533006348	
tat	0.000616330999708	
tattle	0.000325711680021	
charge	0.001014870904461	
clomp	0.000260569344017	
zigzag	0.000274432279158	
adore	0.000384898442665	
caw	0.000195427008013	
parch	0.000195427008013	
prove	0.00012562355871	
splosh	0.000106579774055	
lope	0.000130284672008	
saddle	0.000130284672008	
anchor	6.51423360041691E-05	
assist	6.51423360041691E-05	
attract	9.43949701659176E-05	
automate	6.51423360041691E-05	
bloom	0.000120473149881	
burnish	6.51423360041691E-05	
cage	9.21615165987261E-05	
catapult	9.31772286081452E-05	
clad	6.51423360041691E-05	
clinch	6.51423360041691E-05	
conceal	6.51423360041691E-05	
cope	0.000375451430593	
cycle	4.69006500190969E-05	
depart	6.51423360041691E-05	
designate	6.51423360041691E-05	
ditch	6.51423360041691E-05	
dock	6.11769234800867E-05	
doze	0.001344907126007	
dwell	6.51423360041691E-05	
expire	6.51423360041691E-05	
fancy	0.000233101330796	
finalize	6.51423360041691E-05	
get you	6.51423360041691E-05	
hibernate	6.51423360041691E-05	
infest	6.51423360041691E-05	
lookie	6.51423360041691E-05	
manipulate	6.51423360041691E-05	
mar	0.001970555664126	
muck	0.000974712484142	
muddy	0.000362756557626	
nourish	6.51423360041691E-05	
perch	6.51423360041691E-05	
pleat	6.51423360041691E-05	
precede	0.000231576143126	
reward	6.62843363656474E-05	
ripen	5.26195022919375E-05	
root	6.51423360041691E-05	
scootch	6.51423360041691E-05	
shop	0.000510251609699	
snooze	0.000318138590471	
sparkle	0.00010963651942	
stock	6.51423360041691E-05	
strand	4.83455277914498E-05	
stress	0.000298599366991	
tender	0.000262569546232	
tile	6.51423360041691E-05	
wring	6.51423360041691E-05	
yap	0.000228453937975	
distinguish	0.000184056688763	
bike	0.000722958896801	
request	7.24396247585247E-05	
team	0.000114226968987	
thumb	9.71125143290192E-05	
boogie	0.000145652760982	
cable	5.7113484493689E-05	
compute	5.7113484493689E-05	
congest	5.7113484493689E-05	
corrode	5.7113484493689E-05	
debate	5.7113484493689E-05	
declare	5.7113484493689E-05	
determine	0.000120448039289	
discern	5.7113484493689E-05	
ease	9.95306633153748E-05	
entertain	0.000623057327218	
fascinate	0.000132015333049	
field	0.000138038055716	
freak	5.7113484493689E-05	
jive	5.7113484493689E-05	
mimic	5.7113484493689E-05	
nest	0.000633614046621	
quench	5.7113484493689E-05	
range	3.29898772712711E-05	
relieve	5.7113484493689E-05	
rot	5.7113484493689E-05	
sense	6.60492437465445E-05	
slant	5.7113484493689E-05	
snoop	5.7113484493689E-05	
steady	9.13213334875982E-05	
succeed	0.000548586195169	
tag	5.7113484493689E-05	
flirt	0.00070126227209	
fume	0.000215172084563	
mutilate	0.000350631136045	
produce	0.000271413972789	
pit	0.000319179004416	
condense	0.002624671916011	
mince	0.00077468653032	
bandy	0.000199004975124	
bid	0.000151602307984	
caper	0.000132849159564	
demonstrate	0.000103935622587	
fiddle	9.099699260533E-05	
forgive	0.000122432437112	
garble	0.0001561244229	
gesture	0.000199004975124	
howl	0.000270676742954	
jettison	0.000199004975124	
transfer	0.000112801892635	
catalogue	0.000749524130197	
scold	0.000286039986796	
tinkle	0.000551359646581	
flabbergast	0.000393545848091	
threaten	0.000134132949718	
attack	0.00015458443887	
digest	0.000196772924046	
distort	0.000196772924046	
persuade	9.43899288236825E-05	
tatter	0.000196772924046	
clobber	0.001418439716312	
restrain	0.00071365299318	
dingaling	0.005102040816327	
carol	9.98408439673092E-05	
galumph	0.000190815417886	
destine	0.000127210278591	
nosh	0.000127210278591	
array	6.36051392952551E-05	
bulldoze	0.000125720636098	
coil	6.36051392952551E-05	
collide	5.34582601833368E-05	
dissolve	4.51019747209073E-05	
electrocute	6.36051392952551E-05	
elicit	7.83791881851217E-05	
embarrass	6.36051392952551E-05	
embed	6.36051392952551E-05	
gab	6.36051392952551E-05	
gallop	6.10420540137537E-05	
improvise	0.000108474159047	
interpret	6.36051392952551E-05	
knuckle	6.36051392952551E-05	
landscape	6.36051392952551E-05	
limp	6.36051392952551E-05	
observe	6.36051392952551E-05	
peg	0.000547568219685	
prize	6.36051392952551E-05	
prompt	6.36051392952551E-05	
quote	7.04155899580762E-05	
ration	6.36051392952551E-05	
shoulder	4.06688396964807E-05	
span	6.36051392952551E-05	
video	0.000140632547511	
wimp	7.18231803456825E-05	
freshen	0.000156046785524	
purl	0.000142146410803	
tan	0.000728967942244	
reckon	0.000959655160377	
be	0.000936768149883	
weed	0.000142257574749	
wad	0.000234192037471	
harrow	0.000587506662309	
guzzle	0.00024371774576	
waggle	0.000154130702836	
look	0.020904468880424	
alarm	0.00118090372326	
loan	0.001829881749111	
zero	0.00156406748746	
afford	0.000342543164109	
concrete	0.000411621500416	
locate	0.00077519379845	
approve	0.001080859399825	
register	0.000474487174039	
schlep	0.001076426264801	
lend	0.000533818752101	
compromise	0.001026694045175	
dine	0.001256281407035	
discard	0.005038483827007	
git	0.006666666666667	
crouch	0.001566933135024	
branch	3.53450361063431E-05	
chin	0.000847885484092	
hamper	6.18238021638331E-05	
pipe	0.000124648325421	
rob	4.62380413467522E-05	
vomit	0.000291456285584	
inch	0.006578947368421	
barbecue	0.000114423021912	
zap	8.82925080343906E-05	
ambush	5.72115109560044E-05	
cash	6.84622720184565E-05	
claw	5.72115109560044E-05	
defend	5.72115109560044E-05	
design	0.000263671393457	
hint	5.72115109560044E-05	
jet	3.30388905024287E-05	
rocket	0.001758709561706	
spike	5.72115109560044E-05	
xerox	0.001034126163392	
graduate	0.000517063081696	
heal	0.000235149023955	
club	0.000279459711225	
brang	0.00018630647415	
ache	9.22330037871524E-05	
amputate	9.31532370749884E-05	
aspirate	9.31532370749884E-05	
butt	5.62376170427033E-05	
chat	0.000226516381001	
civilize	9.31532370749884E-05	
exact	9.31532370749884E-05	
group	7.56692294694082E-05	
poach	5.10097535619208E-05	
rear	9.31532370749884E-05	
shred	7.76576156158804E-05	
surface	9.31532370749884E-05	
surround	6.06380137927734E-05	
swivel	9.31532370749884E-05	
tattoo	0.000107182679144	
voice	5.98760236107739E-05	
seep	0.001490312965723	
purse	0.000113243870676	
stash	0.000113243870676	
by	5.66219353377498E-05	
complete	3.71772377177281E-05	
confine	5.66219353377498E-05	
fake	5.66219353377498E-05	
insult	3.27441026933015E-05	
proceed	3.27441026933015E-05	
recite	5.66219353377498E-05	
seesaw	5.13225199572299E-05	
mellow	0.000136836343733	
post	0.000744395340653	
need not	0.000277207495189	
sledge	0.000172128945025	
tread	0.001489791781932	
parcel	0.000535104343809	
dull	8.86627004885315E-05	
slot	8.86627004885315E-05	
hoover	0.00115243174333	
secure	6.21129422493723E-05	
tin	0.000131394769726	
cushion	0.000841245706048	
feature	5.06234113381797E-05	
prop	6.77320476266656E-05	
sponge	6.52118304570081E-05	
amuse	4.43313502442657E-05	
practise	6.22475633235972E-05	
represent	4.43313502442657E-05	
smother	4.85769028383089E-05	
sponsor	3.54650801954126E-05	
whiz	0.000166622488424	
accept	0.000732256945449	
alter	0.000105301188281	
brake	2.65988101465594E-05	
confess	2.65988101465594E-05	
eject	2.65988101465594E-05	
hump	2.65988101465594E-05	
mint	7.39054656793403E-05	
pattern	4.50112082064059E-05	
program	4.70125734368425E-05	
revolve	2.65988101465594E-05	
smarten	2.65988101465594E-05	
tack	2.65988101465594E-05	
carp	1.77325400977063E-05	
clasp	1.77325400977063E-05	
core	1.77325400977063E-05	
cure	4.2579438412416E-05	
deck	4.22129420509873E-05	
demolish	4.11232745422593E-05	
flood	4.74792903593018E-05	
indicate	0.000100363078035	
inter	1.77325400977063E-05	
low	0.001015807195776	
magick	1.77325400977063E-05	
queue	0.000162900619705	
roly_polyed	1.77325400977063E-05	
snug	0.000987160387027	
soil	1.77325400977063E-05	
spade	0.000761878318242	
thrill	1.77325400977063E-05	
trickle	1.77325400977063E-05	
account	8.86627004885315E-06	
activate	8.86627004885315E-06	
advertise	8.86627004885315E-06	
attempt	8.86627004885315E-06	
ban	1.97592752892623E-05	
bank	8.86627004885315E-06	
barge	8.86627004885315E-06	
befriend	8.86627004885315E-06	
behold	6.12542283215327E-05	
blank	0.000152056400451	
buffet	8.86627004885315E-06	
chuff	8.86627004885315E-06	
churn	0.000620196681822	
coin	1.97592752892623E-05	
collar	8.86627004885315E-06	
contradict	8.86627004885315E-06	
crochet	8.86627004885315E-06	
crystalize	8.86627004885315E-06	
dampen	8.86627004885315E-06	
drench	5.81157633259082E-05	
envelop	8.86627004885315E-06	
err	0.000810930692272	
evaporate	8.86627004885315E-06	
fixeded	8.86627004885315E-06	
free	4.42896515648809E-05	
funnel	8.86627004885315E-06	
gauge	8.86627004885315E-06	
goad	8.86627004885315E-06	
hark	3.81463033879894E-05	
inherit	1.97592752892623E-05	
injure	4.56855068923349E-05	
interfere	0.000138392291775	
keel	8.86627004885315E-06	
keen	0.000100250740285	
layer	0.000154427340293	
liven	8.86627004885315E-06	
marvel	8.86627004885315E-06	
mist	8.86627004885315E-06	
molt	4.19256365241266E-05	
moor	8.86627004885315E-06	
mug	8.86627004885315E-06	
net	2.84577362160468E-05	
nick	0.000255360592815	
panel	8.86627004885315E-06	
persevere	0.000152056400451	
photograph	0.000120739252726	
prickle	8.86627004885315E-06	
puddle	0.000345994547001	
puree	8.86627004885315E-06	
rein	8.86627004885315E-06	
resemble	8.86627004885315E-06	
resort	8.86627004885315E-06	
roof	5.52684479168864E-05	
sauce	0.000163566639385	
shear	5.2482337407667E-05	
shepherd	0.000213638155945	
slit	2.84577362160468E-05	
spice	3.77798070265608E-05	
splutter	8.86627004885315E-06	
spout	8.86627004885315E-06	
spurt	8.86627004885315E-06	
stencil	8.86627004885315E-06	
stoke	8.86627004885315E-06	
sum	4.19256365241266E-05	
swarm	8.86627004885315E-06	
taxi	4.42896515648809E-05	
term	8.86627004885315E-06	
tinker	3.38935149117657E-05	
twang	8.86627004885315E-06	
twizzle	4.56855068923349E-05	
unsetting	8.86627004885315E-06	
value	8.86627004885315E-06	
weather	0.000152056400451	
wreath	8.86627004885315E-06	
chatter	0.000582668692359	
harden	0.001432664756447	
service	0.000764381580607	
recover	0.001451493813925	
wallop	0.002020202020202	
needle	0.001190476190476	
mate	0.000992151147435	
mount	0.001506024096386	
piddle	0.001506024096386	
whack	0.001523588493444	
survey	0.001706484641638	
varnish	0.001351351351351	
scuttle	0.000631089687063	
steep	0.001231527093596	
strain	0.00065166455351	
waken	0.001893581964539	
maintain	0.000794732169262	
progress	0.001356852103121	
scoff	0.001315789473684	
forecast	0.004032258064516	
stake	0.002865329512894	
pummel	0.002475247524752	
puncture	0.000898556639278	
wise	0.003676470588235	
pair	0.001062798628524	
entice	0.006849315068493	
stay	0.001330140994945	
armor	0.000266028198989	
seem	0.000266028198989	
sulk	0.000200175245636	
abandon	0.000156621506364	
ensure	6.34236062662523E-05	
fidget	6.34236062662523E-05	
fizz	6.34236062662523E-05	
whimper	6.34236062662523E-05	
heave	0.000129445076769	
sack	0.000192196809533	
tail	0.000188379921277	
waft	0.00014414760715	
claim	9.60984047664809E-05	
deposit	9.60984047664809E-05	
gritter	9.60984047664809E-05	
splat	9.60984047664809E-05	
abide	4.80492023832404E-05	
acquaint	4.80492023832404E-05	
badger	4.80492023832404E-05	
capsize	0.00012464107321	
conclude	4.80492023832404E-05	
derail	0.000143594150813	
detect	4.80492023832404E-05	
detour	3.93507414564559E-05	
dismantle	0.000158877274646	
dispense	4.80492023832404E-05	
distribute	4.80492023832404E-05	
employ	0.000140330718893	
foresee	4.80492023832404E-05	
imply	4.80492023832404E-05	
lasso	4.80492023832404E-05	
maul	8.46306617976808E-05	
offend	4.80492023832404E-05	
plough	4.80492023832404E-05	
poison	4.80492023832404E-05	
ravage	4.80492023832404E-05	
salvage	4.80492023832404E-05	
scrunch	0.000101386506659	
stunt	4.80492023832404E-05	
supervise	4.80492023832404E-05	
weave	4.80492023832404E-05	
crown	8.0141048244911E-05	
dose	0.000124685948236	
persist	8.0141048244911E-05	
twitch	8.0141048244911E-05	
trump	0.000155161939511	
defeat	0.000102848914944	
hijack	0.000102848914944	
menace	0.000102848914944	
process	0.000102848914944	
educate	0.000269705346909	
fob	0.000134852673454	
wang	0.000134852673454	
accuse	6.74263367271256E-05	
banish	6.74263367271256E-05	
castrate	6.74263367271256E-05	
chunter	6.74263367271256E-05	
convert	6.74263367271256E-05	
darken	0.000150019286065	
dread	6.74263367271256E-05	
entitle	6.74263367271256E-05	
initial	6.74263367271256E-05	
kidnap	7.12056698632629E-05	
ravel	7.23261886740115E-05	
tar	6.74263367271256E-05	
tempt	6.74263367271256E-05	
throttle	6.74263367271256E-05	
waltz	6.74263367271256E-05	
nettle	0.000231678121863	
whinge	0.000253774323315	
jab	0.000154452081242	
perm	0.000193532158323	
blob	7.72260406208974E-05	
blunt	7.72260406208974E-05	
bulge	7.72260406208974E-05	
bully	6.9694017388835E-05	
phrase	7.72260406208974E-05	
shute	7.72260406208974E-05	
weld	7.72260406208974E-05	
ram	0.000228783622201	
irritate	0.000149970005999	
addict	7.49850029994001E-05	
cipher	7.49850029994001E-05	
clutter	7.49850029994001E-05	
deafen	7.08391735018342E-05	
enroll	7.49850029994001E-05	
flute	7.49850029994001E-05	
grovel	7.49850029994001E-05	
invade	7.49850029994001E-05	
raid	7.49850029994001E-05	
rave	7.49850029994001E-05	
reject	7.49850029994001E-05	
strengthen	0.000214730513206	
counterfeit	0.000107365256603	
experiment	9.3539144841936E-05	
imprint	0.000107365256603	
journey	0.000107365256603	
log	0.000107365256603	
map	0.000107365256603	
modify	0.000107365256603	
shame	0.000107365256603	
splotch	0.000107365256603	
brew	0.000121212121212	
glut	0.000121212121212	
knacker	7.59322008708963E-05	
ornament	0.000121212121212	
slobber	0.000121212121212	
twiddle	0.001050817880669	
goose	0.000133386688009	
accustom	6.66933440042684E-05	
console	6.66933440042684E-05	
gyp	6.66933440042684E-05	
mime	6.66933440042684E-05	
mold	6.66933440042684E-05	
roast	6.66933440042684E-05	
scale	6.44276690805205E-05	
mass	0.000621619941568	
char	6.21619941567726E-05	
contribute	6.21619941567726E-05	
loaf	6.21619941567726E-05	
plait	7.70594178728934E-05	
slope	6.21619941567726E-05	
prod	0.001011739053776	
chink	0.000478278198485	
bare	0.000159426066162	
align	7.97130330809087E-05	
cease	7.97130330809087E-05	
chomp	7.97130330809087E-05	
decapitate	7.97130330809087E-05	
dent	5.51826568052901E-05	
fester	7.97130330809087E-05	
merit	7.97130330809087E-05	
neaten	7.97130330809087E-05	
price	7.97130330809087E-05	
rev	7.97130330809087E-05	
scrounge	7.97130330809087E-05	
shriek	7.97130330809087E-05	
splay	7.97130330809087E-05	
suspend	7.97130330809087E-05	
thrash	7.97130330809087E-05	
withstand	7.97130330809087E-05	
bobble	9.19568415890142E-05	
harass	6.13045610593428E-05	
pilfer	6.13045610593428E-05	
wibble	6.13045610593428E-05	
border	3.06522805296714E-05	
compliment	3.06522805296714E-05	
dawdle	3.06522805296714E-05	
dignify	3.06522805296714E-05	
dismember	3.06522805296714E-05	
fret	3.06522805296714E-05	
gouge	3.06522805296714E-05	
grimace	3.06522805296714E-05	
hock	3.06522805296714E-05	
incorporate	3.06522805296714E-05	
jumble	3.06522805296714E-05	
labor	3.06522805296714E-05	
loathe	3.06522805296714E-05	
microwave	3.06522805296714E-05	
monopolize	3.06522805296714E-05	
nudge	3.06522805296714E-05	
omit	3.06522805296714E-05	
perforate	3.06522805296714E-05	
pester	3.06522805296714E-05	
plonk	3.06522805296714E-05	
reel	3.06522805296714E-05	
sacrifice	3.06522805296714E-05	
shimmer	3.06522805296714E-05	
sprawl	3.06522805296714E-05	
stereotype	3.06522805296714E-05	
symbolize	3.06522805296714E-05	
tantalize	3.06522805296714E-05	
tether	3.06522805296714E-05	
wade	3.06522805296714E-05	
acquire	0.000458654628486	
chitter	0.000287480373094	
dapple	0.000342348510784	
hire	0.000342348510784	
hunker	0.000342348510784	
monitor	0.000342348510784	
rate	0.000342348510784	
scour	0.000342348510784	
slaughter	0.000342348510784	
sympathize	0.000342348510784	
tweeze	0.000342348510784	
flare	0.000697836706211	
contact	0.000465224470807	
breeze	0.000232612235404	
bung	0.000232612235404	
constipated	0.000263929383128	
dope	0.000232612235404	
engage	0.000232612235404	
gurn	0.000232612235404	
influence	0.000232612235404	
lessen	0.000232612235404	
occupy	0.000232612235404	
supplement	0.000232612235404	
supply	0.000232612235404	
widen	0.000232612235404	
x_ray	0.000232612235404	
disgust	0.000295246530853	
inform	0.000295246530853	
perfume	0.000295246530853	
risk	0.000295246530853	
stimulate	0.000295246530853	
traipse	0.000295246530853	
wine	0.000295246530853	
animate	0.000418410041841	
deprive	0.000418410041841	
fault	0.000418410041841	
magnify	0.000418410041841	
